{
	"metadata" : 	{
		"numcolumns" : 2,
		"names" : [ "energy", "centroid" ],
		"labelmodes" : [ 0, 0 ]
	}
,
	"data" : 	{
		"all_entries" : [ 			{
				"entry" : [ 0, -51.538647, 9702.333984 ]
			}
, 			{
				"entry" : [ 1, -31.578201, 5326.05957 ]
			}
, 			{
				"entry" : [ 2, -45.783764, 8483.140625 ]
			}
, 			{
				"entry" : [ 3, -34.057148, 1175.964233 ]
			}
, 			{
				"entry" : [ 4, -48.149635, 6312.60498 ]
			}
, 			{
				"entry" : [ 5, -34.271553, 1100.493652 ]
			}
, 			{
				"entry" : [ 6, -40.419937, 12772.709961 ]
			}
, 			{
				"entry" : [ 7, -27.746664, 1250.747437 ]
			}
, 			{
				"entry" : [ 8, -32.932381, 5530.335938 ]
			}
, 			{
				"entry" : [ 9, -26.128613, 2044.434448 ]
			}
, 			{
				"entry" : [ 10, -30.317728, 12367.191406 ]
			}
, 			{
				"entry" : [ 11, -27.879562, 2031.114502 ]
			}
, 			{
				"entry" : [ 12, -38.416531, 942.702515 ]
			}
, 			{
				"entry" : [ 13, -28.543932, 1997.199585 ]
			}
, 			{
				"entry" : [ 14, -40.525543, 2930.637451 ]
			}
, 			{
				"entry" : [ 15, -29.002186, 8363.249023 ]
			}
, 			{
				"entry" : [ 16, -40.51067, 6184.307617 ]
			}
, 			{
				"entry" : [ 17, -26.628176, 3655.187012 ]
			}
, 			{
				"entry" : [ 18, -36.900589, 1014.9823 ]
			}
, 			{
				"entry" : [ 19, -34.399143, 13911.242188 ]
			}
, 			{
				"entry" : [ 20, -41.480221, 6546.501465 ]
			}
, 			{
				"entry" : [ 21, -40.985004, 1068.154053 ]
			}
, 			{
				"entry" : [ 22, -37.270878, 992.78241 ]
			}
, 			{
				"entry" : [ 23, -35.744965, 15014.464844 ]
			}
, 			{
				"entry" : [ 24, -42.038689, 1208.313232 ]
			}
, 			{
				"entry" : [ 25, -34.26915, 18594.902344 ]
			}
, 			{
				"entry" : [ 26, -37.514919, 1370.187866 ]
			}
, 			{
				"entry" : [ 27, -36.379978, 14891.999023 ]
			}
, 			{
				"entry" : [ 28, -42.676617, 4504.334473 ]
			}
, 			{
				"entry" : [ 29, -36.915493, 1186.913208 ]
			}
, 			{
				"entry" : [ 30, -29.801395, 11999.248047 ]
			}
, 			{
				"entry" : [ 31, -41.570656, 3380.744629 ]
			}
, 			{
				"entry" : [ 32, -24.270586, 4736.649414 ]
			}
, 			{
				"entry" : [ 33, -41.918556, 6161.71582 ]
			}
, 			{
				"entry" : [ 34, -37.40995, 1178.064331 ]
			}
, 			{
				"entry" : [ 35, -36.76387, 973.363586 ]
			}
, 			{
				"entry" : [ 36, -38.125595, 1755.781128 ]
			}
, 			{
				"entry" : [ 37, -31.364004, 5566.330566 ]
			}
, 			{
				"entry" : [ 38, -38.548759, 1606.694702 ]
			}
, 			{
				"entry" : [ 39, -31.899017, 17288.300781 ]
			}
, 			{
				"entry" : [ 40, -42.230179, 5025.708008 ]
			}
, 			{
				"entry" : [ 41, -25.159058, 1672.214844 ]
			}
, 			{
				"entry" : [ 42, -41.251156, 2528.539795 ]
			}
, 			{
				"entry" : [ 43, -33.516884, 11782.112305 ]
			}
, 			{
				"entry" : [ 44, -42.533115, 4169.844238 ]
			}
, 			{
				"entry" : [ 45, -26.850508, 1249.572388 ]
			}
, 			{
				"entry" : [ 46, -42.604057, 3681.342773 ]
			}
, 			{
				"entry" : [ 47, -29.503113, 8434.230469 ]
			}
, 			{
				"entry" : [ 48, -36.894123, 1053.224487 ]
			}
, 			{
				"entry" : [ 49, -27.150942, 1416.398193 ]
			}
, 			{
				"entry" : [ 50, -37.068882, 824.552734 ]
			}
, 			{
				"entry" : [ 51, -32.026951, 6929.513184 ]
			}
, 			{
				"entry" : [ 52, -40.940228, 3065.410645 ]
			}
, 			{
				"entry" : [ 53, -27.732777, 2138.524414 ]
			}
, 			{
				"entry" : [ 54, -37.73473, 6325.244629 ]
			}
, 			{
				"entry" : [ 55, -27.99703, 1714.595215 ]
			}
, 			{
				"entry" : [ 56, -38.383636, 4304.178223 ]
			}
, 			{
				"entry" : [ 57, -31.496073, 1170.321045 ]
			}
, 			{
				"entry" : [ 58, -30.490433, 9550.098633 ]
			}
, 			{
				"entry" : [ 59, -28.140453, 1455.93689 ]
			}
, 			{
				"entry" : [ 60, -34.102558, 8897.767578 ]
			}
, 			{
				"entry" : [ 61, -26.036816, 3761.24585 ]
			}
, 			{
				"entry" : [ 62, -44.886024, 12708.402344 ]
			}
, 			{
				"entry" : [ 63, -36.31271, 20339.853516 ]
			}
, 			{
				"entry" : [ 64, -48.531616, 2848.593262 ]
			}
, 			{
				"entry" : [ 65, -27.985655, 1899.380859 ]
			}
, 			{
				"entry" : [ 66, -44.292427, 6545.495117 ]
			}
, 			{
				"entry" : [ 67, -27.723753, 1644.836304 ]
			}
, 			{
				"entry" : [ 68, -37.272175, 13747.760742 ]
			}
, 			{
				"entry" : [ 69, -24.325329, 1548.491943 ]
			}
, 			{
				"entry" : [ 70, -36.733917, 11922.030273 ]
			}
, 			{
				"entry" : [ 71, -26.961693, 1316.686401 ]
			}
, 			{
				"entry" : [ 72, -30.814409, 12431.952148 ]
			}
, 			{
				"entry" : [ 73, -31.304321, 1477.588623 ]
			}
, 			{
				"entry" : [ 74, -50.865593, 6519.064453 ]
			}
, 			{
				"entry" : [ 75, -31.981171, 1435.283813 ]
			}
, 			{
				"entry" : [ 76, -39.865646, 6155.216309 ]
			}
, 			{
				"entry" : [ 77, -31.997366, 16822.591797 ]
			}
, 			{
				"entry" : [ 78, -41.268211, 6751.373535 ]
			}
, 			{
				"entry" : [ 79, -36.317837, 16695.814453 ]
			}
, 			{
				"entry" : [ 80, -40.128052, 6360.925293 ]
			}
, 			{
				"entry" : [ 81, -30.137379, 12058.082031 ]
			}
, 			{
				"entry" : [ 82, -37.179234, 1072.666382 ]
			}
, 			{
				"entry" : [ 83, -36.333569, 17588.470703 ]
			}
, 			{
				"entry" : [ 84, -39.141796, 2084.773926 ]
			}
, 			{
				"entry" : [ 85, -32.833824, 6421.038086 ]
			}
, 			{
				"entry" : [ 86, -39.29166, 1832.601318 ]
			}
, 			{
				"entry" : [ 87, -30.085817, 10028.008789 ]
			}
, 			{
				"entry" : [ 88, -38.83186, 1111.644165 ]
			}
, 			{
				"entry" : [ 89, -35.806648, 11738.59082 ]
			}
, 			{
				"entry" : [ 90, -38.258343, 1355.143555 ]
			}
, 			{
				"entry" : [ 91, -30.566183, 15719.123047 ]
			}
, 			{
				"entry" : [ 92, -42.227932, 5478.335449 ]
			}
, 			{
				"entry" : [ 93, -35.75819, 17820.435547 ]
			}
, 			{
				"entry" : [ 94, -42.586365, 4352.902344 ]
			}
, 			{
				"entry" : [ 95, -31.952271, 17570.912109 ]
			}
, 			{
				"entry" : [ 96, -40.002716, 4406.377441 ]
			}
, 			{
				"entry" : [ 97, -33.408482, 13467.626953 ]
			}
, 			{
				"entry" : [ 98, -39.567242, 5819.818359 ]
			}
, 			{
				"entry" : [ 99, -31.255453, 5665.464844 ]
			}
, 			{
				"entry" : [ 100, -39.189915, 3501.969727 ]
			}
, 			{
				"entry" : [ 101, -27.788174, 1657.116577 ]
			}
, 			{
				"entry" : [ 102, -38.543549, 3178.077393 ]
			}
, 			{
				"entry" : [ 103, -35.761681, 13746.724609 ]
			}
, 			{
				"entry" : [ 104, -38.109928, 2896.929443 ]
			}
, 			{
				"entry" : [ 105, -34.952393, 16141.132812 ]
			}
, 			{
				"entry" : [ 106, -38.252396, 2657.343506 ]
			}
, 			{
				"entry" : [ 107, -23.746603, 5586.232422 ]
			}
, 			{
				"entry" : [ 108, -40.262657, 6089.945801 ]
			}
, 			{
				"entry" : [ 109, -33.785244, 1277.491089 ]
			}
, 			{
				"entry" : [ 110, -37.590393, 2079.482666 ]
			}
, 			{
				"entry" : [ 111, -35.389061, 9658.155273 ]
			}
, 			{
				"entry" : [ 112, -36.242393, 2148.552246 ]
			}
, 			{
				"entry" : [ 113, -26.761005, 5148.009277 ]
			}
, 			{
				"entry" : [ 114, -36.209095, 1802.029907 ]
			}
, 			{
				"entry" : [ 115, -27.80636, 1320.739258 ]
			}
, 			{
				"entry" : [ 116, -40.666779, 5835.296875 ]
			}
, 			{
				"entry" : [ 117, -29.239779, 7658.006836 ]
			}
, 			{
				"entry" : [ 118, -35.24979, 1635.94519 ]
			}
, 			{
				"entry" : [ 119, -34.810543, 8001.009766 ]
			}
, 			{
				"entry" : [ 120, -40.365356, 4955.699707 ]
			}
, 			{
				"entry" : [ 121, -27.733175, 1213.193848 ]
			}
, 			{
				"entry" : [ 122, -34.810123, 1271.412476 ]
			}
, 			{
				"entry" : [ 123, -35.925388, 19275.957031 ]
			}
, 			{
				"entry" : [ 124, -40.080612, 4694.599609 ]
			}
, 			{
				"entry" : [ 125, -46.235458, 825.857971 ]
			}
, 			{
				"entry" : [ 126, -39.385231, 4121.351074 ]
			}
, 			{
				"entry" : [ 127, -34.306595, 1144.40979 ]
			}
, 			{
				"entry" : [ 128, -39.797234, 3634.122803 ]
			}
, 			{
				"entry" : [ 129, -28.131563, 1308.765381 ]
			}
, 			{
				"entry" : [ 130, -34.805344, 901.764282 ]
			}
, 			{
				"entry" : [ 131, -27.838366, 8192.84082 ]
			}
, 			{
				"entry" : [ 132, -37.951763, 2745.762939 ]
			}
, 			{
				"entry" : [ 133, -35.115147, 978.457397 ]
			}
, 			{
				"entry" : [ 134, -34.75209, 961.288025 ]
			}
, 			{
